timestamp,flair,tb_polarity,tb_subjectivity,vader_pos,vader_neg,vader_neu,vader_compound
2025-06-07 04:44:02,0.9992780089378356,0.2686011904761904,0.4654761904761905,0.169,0.017,0.813,0.9906
2025-06-07 05:57:03,0.999546229839325,0.2104545454545454,0.6818181818181818,0.173,0.0,0.827,0.9871
2025-06-07 07:59:53,0.9930368065834044,0.0980952380952381,0.40875,0.089,0.01,0.901,0.9349
2025-06-07 14:33:12,0.991353452205658,0.1461538461538461,0.5337912087912089,0.158,0.0,0.842,0.9557
2025-06-07 15:02:59,-0.995109498500824,0.0009803921568627,0.4582633053221288,0.034,0.042,0.923,-0.6864
2025-06-07 15:31:45,0.971875250339508,0.0796703296703296,0.4813186813186813,0.155,0.059,0.785,0.9503
2025-06-07 17:43:10,-0.9980282187461852,-0.00390625,0.5127728174603174,0.049,0.008,0.943,0.6744
2025-06-07 21:01:50,-0.9384541511535645,-0.2972222222222222,0.5805555555555555,0.0,0.138,0.862,-0.6174
2025-06-07 21:31:14,0.99294114112854,-0.0100446428571428,0.483531746031746,0.051,0.0,0.949,0.9615
2025-06-08 00:09:00,-0.9990901947021484,-0.14375,0.6447916666666667,0.056,0.042,0.902,-0.2593
2025-06-08 01:00:33,0.9932348132133484,0.435625,0.5525,0.193,0.016,0.791,0.9916
2025-06-08 11:44:43,0.9969191551208496,0.1361283643892339,0.3369565217391304,0.124,0.016,0.86,0.9836
2025-06-08 14:11:53,0.999822199344635,0.2228787878787878,0.4953030303030303,0.15,0.0,0.85,0.9861
2025-06-08 14:57:26,-0.6993415951728821,-0.0229166666666666,0.575,0.078,0.052,0.871,0.504
2025-06-08 19:59:00,-0.9981727600097656,-0.0791666666666666,0.43125,0.058,0.027,0.915,0.466
2025-06-08 20:36:53,-0.9318994879722596,-0.0388888888888888,0.4222222222222222,0.094,0.102,0.804,-0.1371
2025-06-09 01:00:29,0.9609833359718324,0.0071770334928229,0.6226076555023923,0.141,0.045,0.814,0.9726
2025-06-09 06:35:58,0.9988698363304138,0.0714285714285714,0.5928571428571427,0.162,0.064,0.774,0.7351
2025-06-09 11:56:21,0.9904892444610596,0.1444444444444444,0.4777777777777777,0.206,0.047,0.746,0.9791
2025-06-09 12:55:43,0.9265294671058656,0.2166666666666666,0.6666666666666667,0.072,0.0,0.928,0.34
2025-06-09 15:43:09,0.634158730506897,0.0944805194805195,0.7220779220779221,0.082,0.02,0.899,0.8168
2025-06-09 17:10:38,0.9661473035812378,0.1143398268398268,0.3866928210678211,0.154,0.009,0.837,0.9969
2025-06-09 20:01:20,0.999009370803833,0.2191609977324263,0.4615646258503401,0.101,0.0,0.899,0.9854
2025-06-09 20:25:17,0.995412528514862,0.1976918536009445,0.5843624557260921,0.092,0.015,0.894,0.9666
2025-06-09 22:53:15,-0.7447983026504517,0.0542712842712842,0.5119444444444443,0.131,0.04,0.829,0.9893
2025-06-10 01:00:30,0.7493367791175842,0.4096153846153847,0.5038461538461539,0.16,0.014,0.826,0.992
2025-06-10 01:20:57,0.9959622025489808,0.0747393762699885,0.4763229967311599,0.067,0.031,0.903,0.9448
2025-06-10 10:59:02,-0.9949504137039183,0.2005208333333333,0.4348958333333333,0.133,0.021,0.845,0.9773
2025-06-10 13:01:35,0.9996986389160156,0.101702657807309,0.5326135105204872,0.148,0.011,0.842,0.9951
2025-06-10 13:56:11,0.9999301433563232,0.1992999999999999,0.4952,0.165,0.04,0.795,0.9808
2025-06-10 14:05:35,-0.9977726340293884,-0.4427083333333333,0.6416666666666666,0.191,0.0,0.809,0.923
2025-06-10 14:22:48,-0.9963163137435912,0.0030014430014429,0.4656132756132756,0.06,0.116,0.824,-0.9088
2025-06-10 15:06:39,0.7159532904624939,0.1071428571428571,0.3273809523809524,0.066,0.0,0.934,0.5661
2025-06-10 15:20:58,-0.6812406182289124,0.1169372294372294,0.4754870129870129,0.083,0.088,0.829,-0.09
2025-06-10 16:17:33,-0.9948549270629884,0.1924999999999999,0.4074999999999999,0.092,0.018,0.889,0.8934
2025-06-10 16:18:43,-0.99245023727417,-0.075,0.4020833333333333,0.093,0.011,0.895,0.8948
2025-06-10 18:25:53,-0.9984071850776672,0.0794642857142857,0.5133928571428572,0.173,0.12,0.707,0.9331
2025-06-10 19:56:06,0.8813030123710632,0.21125,0.4205357142857142,0.136,0.008,0.856,0.995
2025-06-10 21:51:36,0.926712930202484,-0.0719696969696969,0.5697415329768271,0.065,0.05,0.885,0.7043
2025-06-10 22:06:31,-0.9999254941940308,-0.0836538461538461,0.6522435897435896,0.118,0.012,0.87,0.9844
2025-06-10 22:22:51,0.6343756318092346,-0.1125,0.2875,0.0,0.0,1.0,0.0
2025-06-10 23:32:04,0.9944809675216676,0.2151515151515151,0.444949494949495,0.071,0.0,0.929,0.8281
2025-06-11 01:00:30,0.8813474774360657,0.3464015151515151,0.544023569023569,0.137,0.013,0.849,0.9712
2025-06-11 02:11:32,-0.999974012374878,0.1555555555555555,0.5444444444444444,0.095,0.012,0.893,0.9008
2025-06-11 03:26:06,-0.9656450748443604,0.1702380952380952,0.4102380952380953,0.086,0.021,0.893,0.802
2025-06-11 03:26:08,0.9998756647109984,0.3371031746031747,0.5285714285714286,0.092,0.012,0.896,0.9207
2025-06-11 06:33:49,0.997591495513916,0.2599999999999999,0.6,0.068,0.0,0.932,0.8172
2025-06-11 08:45:36,-0.9995954632759094,0.0611111111111111,0.5722222222222223,0.064,0.0,0.936,0.7757
2025-06-11 17:13:46,0.9995203018188475,-0.2799999999999999,0.8466666666666667,0.063,0.026,0.911,0.5204
2025-06-11 17:59:09,-0.6000562310218811,0.1336134453781512,0.4657563025210083,0.095,0.008,0.897,0.9682
2025-06-11 18:21:12,-0.999986171722412,-0.0150246305418719,0.3867816091954022,0.066,0.061,0.873,0.522
2025-06-11 22:23:59,0.9571051001548768,0.1672294372294372,0.5358237476808906,0.174,0.007,0.818,0.9972
2025-06-11 23:11:39,0.9979645013809204,0.1833333333333333,0.5041666666666668,0.143,0.0,0.857,0.8341
2025-06-12 01:00:32,0.6448743939399719,0.2710526315789474,0.375,0.149,0.0,0.851,0.9848
2025-06-12 07:51:23,-0.5767152905464172,0.1399868247694335,0.4215744400527008,0.124,0.0,0.876,0.9752
2025-06-12 07:56:36,-0.9974793791770936,-0.1458333333333333,0.2708333333333333,0.0,0.065,0.935,-0.6203
2025-06-12 14:53:06,-0.9999972581863404,-0.0987554112554112,0.6774526943644591,0.077,0.18,0.743,-0.9932
2025-06-12 16:55:33,0.9993010759353638,0.2838509316770186,0.5211525189786059,0.16,0.008,0.832,0.9901
2025-06-12 17:48:43,0.98881334066391,0.24375,0.3125,0.235,0.015,0.751,0.953
2025-06-12 19:59:18,-0.8940596580505371,0.1963541666666666,0.5302083333333334,0.126,0.005,0.869,0.9847
2025-06-13 01:00:34,0.940649390220642,0.4084517045454545,0.6474431818181817,0.18,0.008,0.813,0.99
2025-06-13 02:25:47,0.9700647592544556,0.1897348484848485,0.5377272727272728,0.221,0.017,0.762,0.9942
2025-06-13 03:34:10,0.9730913639068604,0.1113504916136495,0.3599431270483901,0.138,0.036,0.826,0.9843
2025-06-13 09:47:04,0.9994550347328186,0.125,0.3972222222222222,0.053,0.0,0.947,0.2023
2025-06-13 12:45:49,0.9993898868560792,0.2154545454545454,0.5118181818181817,0.095,0.038,0.868,0.9348
2025-06-13 13:52:47,0.9987115859985352,0.0760865457294028,0.497212773998488,0.072,0.01,0.918,0.9965
2025-06-13 14:20:09,-0.9996951818466188,0.0736111111111111,0.2597222222222222,0.152,0.0,0.848,0.8299
2025-06-13 16:11:07,0.9997348189353944,0.2333333333333333,0.6333333333333333,0.136,0.0,0.864,0.7149
2025-06-13 16:22:56,0.9978445768356324,0.1134078884078884,0.4706709956709956,0.078,0.015,0.907,0.975
