,flair_mean,flair_count,tb_polarity_mean,tb_polarity_count,tb_subjectivity_mean,tb_subjectivity_count,vader_pos_mean,vader_pos_count,vader_neg_mean,vader_neg_count,vader_neu_mean,vader_neu_count,vader_compound_mean,vader_compound_count
2025-06-07 04:00:00,0.9992780089378356,1.0,0.2686011904761904,1.0,0.4654761904761905,1.0,0.169,1.0,0.017,1.0,0.813,1.0,0.9906,1.0
2025-06-07 05:00:00,0.999546229839325,1.0,0.2104545454545454,1.0,0.6818181818181818,1.0,0.173,1.0,0.0,1.0,0.827,1.0,0.9871,1.0
2025-06-07 06:00:00,0.0,0.0,0.0,0.0,0.0,0.0,0.0,0.0,0.0,0.0,0.0,0.0,0.0,0.0
2025-06-07 07:00:00,0.9930368065834044,1.0,0.0980952380952381,1.0,0.40875,1.0,0.089,1.0,0.01,1.0,0.901,1.0,0.9349,1.0
2025-06-07 08:00:00,0.0,0.0,0.0,0.0,0.0,0.0,0.0,0.0,0.0,0.0,0.0,0.0,0.0,0.0
2025-06-07 09:00:00,0.0,0.0,0.0,0.0,0.0,0.0,0.0,0.0,0.0,0.0,0.0,0.0,0.0,0.0
2025-06-07 10:00:00,0.0,0.0,0.0,0.0,0.0,0.0,0.0,0.0,0.0,0.0,0.0,0.0,0.0,0.0
2025-06-07 11:00:00,0.0,0.0,0.0,0.0,0.0,0.0,0.0,0.0,0.0,0.0,0.0,0.0,0.0,0.0
2025-06-07 12:00:00,0.0,0.0,0.0,0.0,0.0,0.0,0.0,0.0,0.0,0.0,0.0,0.0,0.0,0.0
2025-06-07 13:00:00,0.0,0.0,0.0,0.0,0.0,0.0,0.0,0.0,0.0,0.0,0.0,0.0,0.0,0.0
2025-06-07 14:00:00,0.991353452205658,1.0,0.1461538461538461,1.0,0.5337912087912089,1.0,0.158,1.0,0.0,1.0,0.842,1.0,0.9557,1.0
2025-06-07 15:00:00,-0.011617124080658014,2.0,0.04032536091359615,2.0,0.469790993320405,2.0,0.0945,2.0,0.0505,2.0,0.8540000000000001,2.0,0.13195,2.0
2025-06-07 16:00:00,0.0,0.0,0.0,0.0,0.0,0.0,0.0,0.0,0.0,0.0,0.0,0.0,0.0,0.0
2025-06-07 17:00:00,-0.9980282187461852,1.0,-0.00390625,1.0,0.5127728174603174,1.0,0.049,1.0,0.008,1.0,0.943,1.0,0.6744,1.0
2025-06-07 18:00:00,0.0,0.0,0.0,0.0,0.0,0.0,0.0,0.0,0.0,0.0,0.0,0.0,0.0,0.0
2025-06-07 19:00:00,0.0,0.0,0.0,0.0,0.0,0.0,0.0,0.0,0.0,0.0,0.0,0.0,0.0,0.0
2025-06-07 20:00:00,0.0,0.0,0.0,0.0,0.0,0.0,0.0,0.0,0.0,0.0,0.0,0.0,0.0,0.0
2025-06-07 21:00:00,0.027243494987487793,2.0,-0.1536334325396825,2.0,0.5320436507936508,2.0,0.0255,2.0,0.069,2.0,0.9055,2.0,0.17205000000000004,2.0
2025-06-07 22:00:00,0.0,0.0,0.0,0.0,0.0,0.0,0.0,0.0,0.0,0.0,0.0,0.0,0.0,0.0
2025-06-07 23:00:00,0.0,0.0,0.0,0.0,0.0,0.0,0.0,0.0,0.0,0.0,0.0,0.0,0.0,0.0
2025-06-08 00:00:00,-0.9990901947021484,1.0,-0.14375,1.0,0.6447916666666667,1.0,0.056,1.0,0.042,1.0,0.902,1.0,-0.2593,1.0
2025-06-08 01:00:00,0.9932348132133484,1.0,0.435625,1.0,0.5525,1.0,0.193,1.0,0.016,1.0,0.791,1.0,0.9916,1.0
2025-06-08 02:00:00,0.0,0.0,0.0,0.0,0.0,0.0,0.0,0.0,0.0,0.0,0.0,0.0,0.0,0.0
2025-06-08 03:00:00,0.0,0.0,0.0,0.0,0.0,0.0,0.0,0.0,0.0,0.0,0.0,0.0,0.0,0.0
2025-06-08 04:00:00,0.0,0.0,0.0,0.0,0.0,0.0,0.0,0.0,0.0,0.0,0.0,0.0,0.0,0.0
2025-06-08 05:00:00,0.0,0.0,0.0,0.0,0.0,0.0,0.0,0.0,0.0,0.0,0.0,0.0,0.0,0.0
2025-06-08 06:00:00,0.0,0.0,0.0,0.0,0.0,0.0,0.0,0.0,0.0,0.0,0.0,0.0,0.0,0.0
2025-06-08 07:00:00,0.0,0.0,0.0,0.0,0.0,0.0,0.0,0.0,0.0,0.0,0.0,0.0,0.0,0.0
2025-06-08 08:00:00,0.0,0.0,0.0,0.0,0.0,0.0,0.0,0.0,0.0,0.0,0.0,0.0,0.0,0.0
2025-06-08 09:00:00,0.0,0.0,0.0,0.0,0.0,0.0,0.0,0.0,0.0,0.0,0.0,0.0,0.0,0.0
2025-06-08 10:00:00,0.0,0.0,0.0,0.0,0.0,0.0,0.0,0.0,0.0,0.0,0.0,0.0,0.0,0.0
2025-06-08 11:00:00,0.9969191551208496,1.0,0.1361283643892339,1.0,0.3369565217391304,1.0,0.124,1.0,0.016,1.0,0.86,1.0,0.9836,1.0
2025-06-08 12:00:00,0.0,0.0,0.0,0.0,0.0,0.0,0.0,0.0,0.0,0.0,0.0,0.0,0.0,0.0
2025-06-08 13:00:00,0.0,0.0,0.0,0.0,0.0,0.0,0.0,0.0,0.0,0.0,0.0,0.0,0.0,0.0
2025-06-08 14:00:00,0.15024030208587646,2.0,0.0999810606060606,2.0,0.5351515151515152,2.0,0.11399999999999999,2.0,0.026,2.0,0.8605,2.0,0.74505,2.0
2025-06-08 15:00:00,0.0,0.0,0.0,0.0,0.0,0.0,0.0,0.0,0.0,0.0,0.0,0.0,0.0,0.0
2025-06-08 16:00:00,0.0,0.0,0.0,0.0,0.0,0.0,0.0,0.0,0.0,0.0,0.0,0.0,0.0,0.0
2025-06-08 17:00:00,0.0,0.0,0.0,0.0,0.0,0.0,0.0,0.0,0.0,0.0,0.0,0.0,0.0,0.0
2025-06-08 18:00:00,0.0,0.0,0.0,0.0,0.0,0.0,0.0,0.0,0.0,0.0,0.0,0.0,0.0,0.0
2025-06-08 19:00:00,-0.9981727600097656,1.0,-0.0791666666666666,1.0,0.43125,1.0,0.058,1.0,0.027,1.0,0.915,1.0,0.466,1.0
2025-06-08 20:00:00,-0.9318994879722596,1.0,-0.0388888888888888,1.0,0.4222222222222222,1.0,0.094,1.0,0.102,1.0,0.804,1.0,-0.1371,1.0
2025-06-08 21:00:00,0.0,0.0,0.0,0.0,0.0,0.0,0.0,0.0,0.0,0.0,0.0,0.0,0.0,0.0
2025-06-08 22:00:00,0.0,0.0,0.0,0.0,0.0,0.0,0.0,0.0,0.0,0.0,0.0,0.0,0.0,0.0
2025-06-08 23:00:00,0.0,0.0,0.0,0.0,0.0,0.0,0.0,0.0,0.0,0.0,0.0,0.0,0.0,0.0
2025-06-09 00:00:00,0.0,0.0,0.0,0.0,0.0,0.0,0.0,0.0,0.0,0.0,0.0,0.0,0.0,0.0
2025-06-09 01:00:00,0.9609833359718324,1.0,0.0071770334928229,1.0,0.6226076555023923,1.0,0.141,1.0,0.045,1.0,0.814,1.0,0.9726,1.0
2025-06-09 02:00:00,0.0,0.0,0.0,0.0,0.0,0.0,0.0,0.0,0.0,0.0,0.0,0.0,0.0,0.0
2025-06-09 03:00:00,0.0,0.0,0.0,0.0,0.0,0.0,0.0,0.0,0.0,0.0,0.0,0.0,0.0,0.0
2025-06-09 04:00:00,0.0,0.0,0.0,0.0,0.0,0.0,0.0,0.0,0.0,0.0,0.0,0.0,0.0,0.0
2025-06-09 05:00:00,0.0,0.0,0.0,0.0,0.0,0.0,0.0,0.0,0.0,0.0,0.0,0.0,0.0,0.0
2025-06-09 06:00:00,0.9988698363304138,1.0,0.0714285714285714,1.0,0.5928571428571427,1.0,0.162,1.0,0.064,1.0,0.774,1.0,0.7351,1.0
2025-06-09 07:00:00,0.0,0.0,0.0,0.0,0.0,0.0,0.0,0.0,0.0,0.0,0.0,0.0,0.0,0.0
2025-06-09 08:00:00,0.0,0.0,0.0,0.0,0.0,0.0,0.0,0.0,0.0,0.0,0.0,0.0,0.0,0.0
2025-06-09 09:00:00,0.0,0.0,0.0,0.0,0.0,0.0,0.0,0.0,0.0,0.0,0.0,0.0,0.0,0.0
2025-06-09 10:00:00,0.0,0.0,0.0,0.0,0.0,0.0,0.0,0.0,0.0,0.0,0.0,0.0,0.0,0.0
2025-06-09 11:00:00,0.9904892444610596,1.0,0.1444444444444444,1.0,0.4777777777777777,1.0,0.206,1.0,0.047,1.0,0.746,1.0,0.9791,1.0
2025-06-09 12:00:00,0.9265294671058656,1.0,0.2166666666666666,1.0,0.6666666666666667,1.0,0.072,1.0,0.0,1.0,0.928,1.0,0.34,1.0
2025-06-09 13:00:00,0.0,0.0,0.0,0.0,0.0,0.0,0.0,0.0,0.0,0.0,0.0,0.0,0.0,0.0
2025-06-09 14:00:00,0.0,0.0,0.0,0.0,0.0,0.0,0.0,0.0,0.0,0.0,0.0,0.0,0.0,0.0
2025-06-09 15:00:00,0.634158730506897,1.0,0.0944805194805195,1.0,0.7220779220779221,1.0,0.082,1.0,0.02,1.0,0.899,1.0,0.8168,1.0
2025-06-09 16:00:00,0.0,0.0,0.0,0.0,0.0,0.0,0.0,0.0,0.0,0.0,0.0,0.0,0.0,0.0
2025-06-09 17:00:00,0.9661473035812378,1.0,0.1143398268398268,1.0,0.3866928210678211,1.0,0.154,1.0,0.009,1.0,0.837,1.0,0.9969,1.0
2025-06-09 18:00:00,0.0,0.0,0.0,0.0,0.0,0.0,0.0,0.0,0.0,0.0,0.0,0.0,0.0,0.0
2025-06-09 19:00:00,0.0,0.0,0.0,0.0,0.0,0.0,0.0,0.0,0.0,0.0,0.0,0.0,0.0,0.0
2025-06-09 20:00:00,0.9972109496593475,2.0,0.2084264256666854,2.0,0.522963540788216,2.0,0.0965,2.0,0.0075,2.0,0.8965000000000001,2.0,0.976,2.0
2025-06-09 21:00:00,0.0,0.0,0.0,0.0,0.0,0.0,0.0,0.0,0.0,0.0,0.0,0.0,0.0,0.0
2025-06-09 22:00:00,-0.7447983026504517,1.0,0.0542712842712842,1.0,0.5119444444444443,1.0,0.131,1.0,0.04,1.0,0.829,1.0,0.9893,1.0
2025-06-09 23:00:00,0.0,0.0,0.0,0.0,0.0,0.0,0.0,0.0,0.0,0.0,0.0,0.0,0.0,0.0
2025-06-10 00:00:00,0.0,0.0,0.0,0.0,0.0,0.0,0.0,0.0,0.0,0.0,0.0,0.0,0.0,0.0
2025-06-10 01:00:00,0.8726494908332825,2.0,0.2421773804426866,2.0,0.4900845752886569,2.0,0.1135,2.0,0.0225,2.0,0.8645,2.0,0.9683999999999999,2.0
2025-06-10 02:00:00,0.0,0.0,0.0,0.0,0.0,0.0,0.0,0.0,0.0,0.0,0.0,0.0,0.0,0.0
2025-06-10 03:00:00,0.0,0.0,0.0,0.0,0.0,0.0,0.0,0.0,0.0,0.0,0.0,0.0,0.0,0.0
2025-06-10 04:00:00,0.0,0.0,0.0,0.0,0.0,0.0,0.0,0.0,0.0,0.0,0.0,0.0,0.0,0.0
2025-06-10 05:00:00,0.0,0.0,0.0,0.0,0.0,0.0,0.0,0.0,0.0,0.0,0.0,0.0,0.0,0.0
2025-06-10 06:00:00,0.0,0.0,0.0,0.0,0.0,0.0,0.0,0.0,0.0,0.0,0.0,0.0,0.0,0.0
2025-06-10 07:00:00,0.0,0.0,0.0,0.0,0.0,0.0,0.0,0.0,0.0,0.0,0.0,0.0,0.0,0.0
2025-06-10 08:00:00,0.0,0.0,0.0,0.0,0.0,0.0,0.0,0.0,0.0,0.0,0.0,0.0,0.0,0.0
2025-06-10 09:00:00,0.0,0.0,0.0,0.0,0.0,0.0,0.0,0.0,0.0,0.0,0.0,0.0,0.0,0.0
2025-06-10 10:00:00,-0.9949504137039183,1.0,0.2005208333333333,1.0,0.4348958333333333,1.0,0.133,1.0,0.021,1.0,0.845,1.0,0.9773,1.0
2025-06-10 11:00:00,0.0,0.0,0.0,0.0,0.0,0.0,0.0,0.0,0.0,0.0,0.0,0.0,0.0,0.0
2025-06-10 12:00:00,0.0,0.0,0.0,0.0,0.0,0.0,0.0,0.0,0.0,0.0,0.0,0.0,0.0,0.0
2025-06-10 13:00:00,0.9998143911361694,2.0,0.15050132890365445,2.0,0.5139067552602437,2.0,0.1565,2.0,0.025500000000000002,2.0,0.8185,2.0,0.98795,2.0
2025-06-10 14:00:00,-0.9970444738864899,2.0,-0.2198534451659452,2.0,0.5536399711399711,2.0,0.1255,2.0,0.058,2.0,0.8165,2.0,0.007099999999999995,2.0
2025-06-10 15:00:00,0.01735633611679077,2.0,0.11204004329004325,2.0,0.40143398268398267,2.0,0.07450000000000001,2.0,0.044,2.0,0.8815,2.0,0.23805000000000004,2.0
2025-06-10 16:00:00,-0.9936525821685792,2.0,0.05874999999999995,2.0,0.4047916666666666,2.0,0.0925,2.0,0.014499999999999999,2.0,0.892,2.0,0.8941,2.0
2025-06-10 17:00:00,0.0,0.0,0.0,0.0,0.0,0.0,0.0,0.0,0.0,0.0,0.0,0.0,0.0,0.0
2025-06-10 18:00:00,-0.9984071850776672,1.0,0.0794642857142857,1.0,0.5133928571428572,1.0,0.173,1.0,0.12,1.0,0.707,1.0,0.9331,1.0
2025-06-10 19:00:00,0.8813030123710632,1.0,0.21125,1.0,0.4205357142857142,1.0,0.136,1.0,0.008,1.0,0.856,1.0,0.995,1.0
2025-06-10 20:00:00,0.0,0.0,0.0,0.0,0.0,0.0,0.0,0.0,0.0,0.0,0.0,0.0,0.0,0.0
2025-06-10 21:00:00,0.926712930202484,1.0,-0.0719696969696969,1.0,0.5697415329768271,1.0,0.065,1.0,0.05,1.0,0.885,1.0,0.7043,1.0
2025-06-10 22:00:00,-0.18277493119239807,2.0,-0.09807692307692306,2.0,0.4698717948717948,2.0,0.059,2.0,0.006,2.0,0.935,2.0,0.4922,2.0
2025-06-10 23:00:00,0.9944809675216676,1.0,0.2151515151515151,1.0,0.444949494949495,1.0,0.071,1.0,0.0,1.0,0.929,1.0,0.8281,1.0
2025-06-11 00:00:00,0.0,0.0,0.0,0.0,0.0,0.0,0.0,0.0,0.0,0.0,0.0,0.0,0.0,0.0
2025-06-11 01:00:00,0.8813474774360657,1.0,0.3464015151515151,1.0,0.544023569023569,1.0,0.137,1.0,0.013,1.0,0.849,1.0,0.9712,1.0
2025-06-11 02:00:00,-0.999974012374878,1.0,0.1555555555555555,1.0,0.5444444444444444,1.0,0.095,1.0,0.012,1.0,0.893,1.0,0.9008,1.0
2025-06-11 03:00:00,0.017115294933319036,2.0,0.2536706349206349,2.0,0.46940476190476194,2.0,0.089,2.0,0.0165,2.0,0.8945000000000001,2.0,0.8613500000000001,2.0
2025-06-11 04:00:00,0.0,0.0,0.0,0.0,0.0,0.0,0.0,0.0,0.0,0.0,0.0,0.0,0.0,0.0
2025-06-11 05:00:00,0.0,0.0,0.0,0.0,0.0,0.0,0.0,0.0,0.0,0.0,0.0,0.0,0.0,0.0
2025-06-11 06:00:00,0.997591495513916,1.0,0.2599999999999999,1.0,0.6,1.0,0.068,1.0,0.0,1.0,0.932,1.0,0.8172,1.0
2025-06-11 07:00:00,0.0,0.0,0.0,0.0,0.0,0.0,0.0,0.0,0.0,0.0,0.0,0.0,0.0,0.0
2025-06-11 08:00:00,-0.9995954632759094,1.0,0.0611111111111111,1.0,0.5722222222222223,1.0,0.064,1.0,0.0,1.0,0.936,1.0,0.7757,1.0
2025-06-11 09:00:00,0.0,0.0,0.0,0.0,0.0,0.0,0.0,0.0,0.0,0.0,0.0,0.0,0.0,0.0
2025-06-11 10:00:00,0.0,0.0,0.0,0.0,0.0,0.0,0.0,0.0,0.0,0.0,0.0,0.0,0.0,0.0
2025-06-11 11:00:00,0.0,0.0,0.0,0.0,0.0,0.0,0.0,0.0,0.0,0.0,0.0,0.0,0.0,0.0
2025-06-11 12:00:00,0.0,0.0,0.0,0.0,0.0,0.0,0.0,0.0,0.0,0.0,0.0,0.0,0.0,0.0
2025-06-11 13:00:00,0.0,0.0,0.0,0.0,0.0,0.0,0.0,0.0,0.0,0.0,0.0,0.0,0.0,0.0
2025-06-11 14:00:00,0.0,0.0,0.0,0.0,0.0,0.0,0.0,0.0,0.0,0.0,0.0,0.0,0.0,0.0
2025-06-11 15:00:00,0.0,0.0,0.0,0.0,0.0,0.0,0.0,0.0,0.0,0.0,0.0,0.0,0.0,0.0
2025-06-11 16:00:00,0.0,0.0,0.0,0.0,0.0,0.0,0.0,0.0,0.0,0.0,0.0,0.0,0.0,0.0
2025-06-11 17:00:00,0.19973203539848322,2.0,-0.07319327731092436,2.0,0.6562114845938375,2.0,0.079,2.0,0.017,2.0,0.904,2.0,0.7443,2.0
2025-06-11 18:00:00,-0.999986171722412,1.0,-0.0150246305418719,1.0,0.3867816091954022,1.0,0.066,1.0,0.061,1.0,0.873,1.0,0.522,1.0
2025-06-11 19:00:00,0.0,0.0,0.0,0.0,0.0,0.0,0.0,0.0,0.0,0.0,0.0,0.0,0.0,0.0
2025-06-11 20:00:00,0.0,0.0,0.0,0.0,0.0,0.0,0.0,0.0,0.0,0.0,0.0,0.0,0.0,0.0
2025-06-11 21:00:00,0.0,0.0,0.0,0.0,0.0,0.0,0.0,0.0,0.0,0.0,0.0,0.0,0.0,0.0
2025-06-11 22:00:00,0.9571051001548768,1.0,0.1672294372294372,1.0,0.5358237476808906,1.0,0.174,1.0,0.007,1.0,0.818,1.0,0.9972,1.0
2025-06-11 23:00:00,0.9979645013809204,1.0,0.1833333333333333,1.0,0.5041666666666668,1.0,0.143,1.0,0.0,1.0,0.857,1.0,0.8341,1.0
2025-06-12 00:00:00,0.0,0.0,0.0,0.0,0.0,0.0,0.0,0.0,0.0,0.0,0.0,0.0,0.0,0.0
2025-06-12 01:00:00,0.6448743939399719,1.0,0.2710526315789474,1.0,0.375,1.0,0.149,1.0,0.0,1.0,0.851,1.0,0.9848,1.0
2025-06-12 02:00:00,0.0,0.0,0.0,0.0,0.0,0.0,0.0,0.0,0.0,0.0,0.0,0.0,0.0,0.0
2025-06-12 03:00:00,0.0,0.0,0.0,0.0,0.0,0.0,0.0,0.0,0.0,0.0,0.0,0.0,0.0,0.0
2025-06-12 04:00:00,0.0,0.0,0.0,0.0,0.0,0.0,0.0,0.0,0.0,0.0,0.0,0.0,0.0,0.0
2025-06-12 05:00:00,0.0,0.0,0.0,0.0,0.0,0.0,0.0,0.0,0.0,0.0,0.0,0.0,0.0,0.0
2025-06-12 06:00:00,0.0,0.0,0.0,0.0,0.0,0.0,0.0,0.0,0.0,0.0,0.0,0.0,0.0,0.0
2025-06-12 07:00:00,-0.7870973348617554,2.0,-0.002923254281949894,2.0,0.34620388669301705,2.0,0.062,2.0,0.0325,2.0,0.9055,2.0,0.17745,2.0
2025-06-12 08:00:00,0.0,0.0,0.0,0.0,0.0,0.0,0.0,0.0,0.0,0.0,0.0,0.0,0.0,0.0
2025-06-12 09:00:00,0.0,0.0,0.0,0.0,0.0,0.0,0.0,0.0,0.0,0.0,0.0,0.0,0.0,0.0
2025-06-12 10:00:00,0.0,0.0,0.0,0.0,0.0,0.0,0.0,0.0,0.0,0.0,0.0,0.0,0.0,0.0
2025-06-12 11:00:00,0.0,0.0,0.0,0.0,0.0,0.0,0.0,0.0,0.0,0.0,0.0,0.0,0.0,0.0
2025-06-12 12:00:00,0.0,0.0,0.0,0.0,0.0,0.0,0.0,0.0,0.0,0.0,0.0,0.0,0.0,0.0
2025-06-12 13:00:00,0.0,0.0,0.0,0.0,0.0,0.0,0.0,0.0,0.0,0.0,0.0,0.0,0.0,0.0
2025-06-12 14:00:00,-0.9999972581863404,1.0,-0.0987554112554112,1.0,0.6774526943644591,1.0,0.077,1.0,0.18,1.0,0.743,1.0,-0.9932,1.0
2025-06-12 15:00:00,0.0,0.0,0.0,0.0,0.0,0.0,0.0,0.0,0.0,0.0,0.0,0.0,0.0,0.0
2025-06-12 16:00:00,0.9993010759353638,1.0,0.2838509316770186,1.0,0.5211525189786059,1.0,0.16,1.0,0.008,1.0,0.832,1.0,0.9901,1.0
2025-06-12 17:00:00,0.98881334066391,1.0,0.24375,1.0,0.3125,1.0,0.235,1.0,0.015,1.0,0.751,1.0,0.953,1.0
2025-06-12 18:00:00,0.0,0.0,0.0,0.0,0.0,0.0,0.0,0.0,0.0,0.0,0.0,0.0,0.0,0.0
2025-06-12 19:00:00,-0.8940596580505371,1.0,0.1963541666666666,1.0,0.5302083333333334,1.0,0.126,1.0,0.005,1.0,0.869,1.0,0.9847,1.0
2025-06-12 20:00:00,0.0,0.0,0.0,0.0,0.0,0.0,0.0,0.0,0.0,0.0,0.0,0.0,0.0,0.0
2025-06-12 21:00:00,0.0,0.0,0.0,0.0,0.0,0.0,0.0,0.0,0.0,0.0,0.0,0.0,0.0,0.0
2025-06-12 22:00:00,0.0,0.0,0.0,0.0,0.0,0.0,0.0,0.0,0.0,0.0,0.0,0.0,0.0,0.0
2025-06-12 23:00:00,0.0,0.0,0.0,0.0,0.0,0.0,0.0,0.0,0.0,0.0,0.0,0.0,0.0,0.0
2025-06-13 00:00:00,0.0,0.0,0.0,0.0,0.0,0.0,0.0,0.0,0.0,0.0,0.0,0.0,0.0,0.0
2025-06-13 01:00:00,0.940649390220642,1.0,0.4084517045454545,1.0,0.6474431818181817,1.0,0.18,1.0,0.008,1.0,0.813,1.0,0.99,1.0
2025-06-13 02:00:00,0.9700647592544556,1.0,0.1897348484848485,1.0,0.5377272727272728,1.0,0.221,1.0,0.017,1.0,0.762,1.0,0.9942,1.0
2025-06-13 03:00:00,0.9730913639068604,1.0,0.1113504916136495,1.0,0.3599431270483901,1.0,0.138,1.0,0.036,1.0,0.826,1.0,0.9843,1.0
2025-06-13 04:00:00,0.0,0.0,0.0,0.0,0.0,0.0,0.0,0.0,0.0,0.0,0.0,0.0,0.0,0.0
2025-06-13 05:00:00,0.0,0.0,0.0,0.0,0.0,0.0,0.0,0.0,0.0,0.0,0.0,0.0,0.0,0.0
2025-06-13 06:00:00,0.0,0.0,0.0,0.0,0.0,0.0,0.0,0.0,0.0,0.0,0.0,0.0,0.0,0.0
2025-06-13 07:00:00,0.0,0.0,0.0,0.0,0.0,0.0,0.0,0.0,0.0,0.0,0.0,0.0,0.0,0.0
2025-06-13 08:00:00,0.0,0.0,0.0,0.0,0.0,0.0,0.0,0.0,0.0,0.0,0.0,0.0,0.0,0.0
2025-06-13 09:00:00,0.9994550347328186,1.0,0.125,1.0,0.3972222222222222,1.0,0.053,1.0,0.0,1.0,0.947,1.0,0.2023,1.0
2025-06-13 10:00:00,0.0,0.0,0.0,0.0,0.0,0.0,0.0,0.0,0.0,0.0,0.0,0.0,0.0,0.0
2025-06-13 11:00:00,0.0,0.0,0.0,0.0,0.0,0.0,0.0,0.0,0.0,0.0,0.0,0.0,0.0,0.0
2025-06-13 12:00:00,0.9993898868560792,1.0,0.2154545454545454,1.0,0.5118181818181817,1.0,0.095,1.0,0.038,1.0,0.868,1.0,0.9348,1.0
2025-06-13 13:00:00,0.9987115859985352,1.0,0.0760865457294028,1.0,0.497212773998488,1.0,0.072,1.0,0.01,1.0,0.918,1.0,0.9965,1.0
2025-06-13 14:00:00,-0.9996951818466188,1.0,0.0736111111111111,1.0,0.2597222222222222,1.0,0.152,1.0,0.0,1.0,0.848,1.0,0.8299,1.0
2025-06-13 15:00:00,0.0,0.0,0.0,0.0,0.0,0.0,0.0,0.0,0.0,0.0,0.0,0.0,0.0,0.0
2025-06-13 16:00:00,0.9987896978855134,2.0,0.17337061087061084,2.0,0.5520021645021644,2.0,0.10700000000000001,2.0,0.0075,2.0,0.8855,2.0,0.84495,2.0
2025-06-13 17:00:00,0.0,0.0,0.0,0.0,0.0,0.0,0.0,0.0,0.0,0.0,0.0,0.0,0.0,0.0
